
{
  "solution": {
    "euler": [1.0, 1.2, 1.44, 1.728, 2.0736, 2.4883, 2.9859, 3.5831, 4.2998, 5.1597, 6.1917, 7.43, 8.916, 10.699, 12.839, 15.407, 18.488, 22.186, 26.623, 31.948, 38.337, 46.005, 55.206, 66.247, 79.497, 95.396],
    "rk4": [1.0, 1.221402, 1.491824, 1.822118, 2.22554, 2.718281, 3.320116, 4.055199, 4.953031, 6.049646, 7.389054, 9.025011, 11.02317, 13.46373, 16.44464, 20.08553, 24.53252, 29.96409, 36.59822, 44.70117, 54.59813, 66.68629, 81.45085, 99.48428, 121.5103, 148.4131]
  }
}
